{"epoch": 4, "Loss Train": 0.5006594061851501, "Loss Val": 2.9236013889312744, "PSNR Train": 18.652388763427734, "PSNR Val": 17.125658798217774, "SSIM Train": 0.1911542683839798, "SSIM Val": 0.16014499366283416, "_timestamp": 1709567767.0275195, "_runtime": 141.8649525642395, "_step": 4, "_wandb": {"runtime": 158}}