{"epoch": 4, "Loss Train": 0.5020935893058777, "Loss Val": 2.849069881439209, "PSNR Train": 18.654141998291017, "PSNR Val": 17.100055694580078, "SSIM Train": 0.19121085107326508, "SSIM Val": 0.1595929354429245, "_timestamp": 1709561077.4429228, "_runtime": 138.96944189071655, "_step": 4, "_wandb": {"runtime": 141}}