{"epoch": 4, "Loss Train": 0.5000361442565918, "Loss Val": 2.8971428871154785, "PSNR Train": 18.68522071838379, "PSNR Val": 17.143888854980467, "SSIM Train": 0.1924466609954834, "SSIM Val": 0.16093552112579346, "_timestamp": 1709562919.1943634, "_runtime": 142.02862644195557, "_step": 4, "_wandb": {"runtime": 145}}