{"epoch": 1, "Loss Train": 0.6406487538701012, "Loss Val": 0.9172927757104238, "PSNR Train": 20.8300237201509, "PSNR Val": 18.72152983347575, "SSIM Train": 0.5988833450135731, "SSIM Val": 0.5534480214118958, "_timestamp": 1709226646.6574492, "_runtime": 178.82204914093018, "_step": 1}