{"epoch": 4, "Loss Train": 0.5026035904884338, "Loss Val": 2.937784767150879, "PSNR Train": 18.60951957702637, "PSNR Val": 16.926002502441406, "SSIM Train": 0.19009162485599518, "SSIM Val": 0.15941871106624603, "_timestamp": 1709559212.5198998, "_runtime": 138.188973903656, "_step": 4, "_wandb": {"runtime": 138}}