{"epoch": 4, "Loss Train": 0.5000592589378356, "Loss Val": 2.9382224082946777, "PSNR Train": 18.641149520874023, "PSNR Val": 17.012689971923827, "SSIM Train": 0.19118699729442595, "SSIM Val": 0.16190782487392424, "_timestamp": 1709557574.3459847, "_runtime": 138.21162176132202, "_step": 4, "_wandb": {"runtime": 138}}