{"epoch": 4, "Loss Train": 0.5015447258949279, "Loss Val": 2.829746723175049, "PSNR Train": 18.67107391357422, "PSNR Val": 17.115543365478516, "SSIM Train": 0.1916736751794815, "SSIM Val": 0.15933127105236053, "_timestamp": 1709563130.8019147, "_runtime": 144.28737568855286, "_step": 4, "_wandb": {"runtime": 147}}