{"epoch": 4, "Loss Train": 0.5005754590034485, "Loss Val": 2.9608640670776367, "PSNR Train": 18.693719100952148, "PSNR Val": 17.16904067993164, "SSIM Train": 0.19270757734775543, "SSIM Val": 0.16092694103717803, "_timestamp": 1709561575.2381334, "_runtime": 138.42127752304077, "_step": 4, "_wandb": {"runtime": 141}}