{"epoch": 4, "Loss Train": 0.5021325945854187, "Loss Val": 2.8517186641693115, "PSNR Train": 18.677193069458006, "PSNR Val": 17.06112289428711, "SSIM Train": 0.19221138954162598, "SSIM Val": 0.16047662496566772, "_timestamp": 1709560021.2979372, "_runtime": 138.29226922988892, "_step": 4, "_wandb": {"runtime": 140}}