{"epoch": 249, "Loss Train": 0.0009122979411456202, "Loss Val": 0.0010719527296411495, "PSNR Train": 31.8426270257859, "PSNR Val": 30.95041624704997, "SSIM Train": 0.8975770274798075, "SSIM Val": 0.8874767522017161, "_timestamp": 1709033540.5179935, "_runtime": 46532.45214033127, "_step": 249, "_wandb": {"runtime": 46532}}