{"epoch": 4, "Loss Train": 0.4997777223587036, "Loss Val": 2.9691576957702637, "PSNR Train": 18.696886444091795, "PSNR Val": 17.13634490966797, "SSIM Train": 0.1925223797559738, "SSIM Val": 0.16021305322647095, "_timestamp": 1709557804.445322, "_runtime": 138.30957007408142, "_step": 4, "_wandb": {"runtime": 138}}