{"epoch": 4, "Loss Train": 0.5001766562461853, "Loss Val": 2.9359140396118164, "PSNR Train": 18.67565460205078, "PSNR Val": 17.18024024963379, "SSIM Train": 0.19191243052482604, "SSIM Val": 0.16131848096847534, "_timestamp": 1709562736.864815, "_runtime": 138.53584909439087, "_step": 4, "_wandb": {"runtime": 141}}