{"epoch": 4, "Loss Train": 0.5003135502338409, "Loss Val": 2.9070990085601807, "PSNR Train": 18.67205047607422, "PSNR Val": 17.07005729675293, "SSIM Train": 0.19267121255397796, "SSIM Val": 0.1618693560361862, "_timestamp": 1709557994.731435, "_runtime": 139.96279406547546, "_step": 4, "_wandb": {"runtime": 140}}