{"epoch": 4, "Loss Train": 0.5002122044563293, "Loss Val": 2.952348804473877, "PSNR Train": 18.68645668029785, "PSNR Val": 17.19066963195801, "SSIM Train": 0.19284793734550476, "SSIM Val": 0.16034539341926574, "_timestamp": 1709558522.1016867, "_runtime": 138.90270376205444, "_step": 4, "_wandb": {"runtime": 139}}