{"epoch": 134, "Loss Train": 0.00180159149403196, "Loss Val": 0.001950213856374224, "PSNR Train": 29.407506125313894, "PSNR Val": 29.164164288838705, "SSIM Train": 0.8458561499913534, "SSIM Val": 0.8401905675729116, "_timestamp": 1708978136.013912, "_runtime": 12045.444717884064, "_step": 134}