{"epoch": 17, "Loss Train": 0.33646405339241026, "Loss Val": 0.35378339886665344, "PSNR Train": 20.44558792114258, "PSNR Val": 10.909357070922852, "SSIM Train": 0.5266952514648438, "SSIM Val": 0.2611938714981079, "_timestamp": 1709555826.1092339, "_runtime": 499.5723099708557, "_step": 17}