{"epoch": 249, "Loss Train": 0.0005040909368458584, "Loss Val": 0.000679866730102471, "PSNR Train": 36.32248051961263, "PSNR Val": 34.40984333583287, "SSIM Train": 0.9451883059960825, "SSIM Val": 0.9318673423358372, "_timestamp": 1709269757.696368, "_runtime": 21719.741729021072, "_step": 249, "_wandb": {"runtime": 21719}}