{"epoch": 7, "Loss Train": 0.4146096783655661, "Loss Val": 0.5658415385654995, "PSNR Train": 25.522138171725803, "PSNR Val": 24.144794028145927, "SSIM Train": 0.8423194156752692, "SSIM Val": 0.829343112877437, "_timestamp": 1709227481.966283, "_runtime": 692.7503089904785, "_step": 7}