{"epoch": 4, "Loss Train": 0.5001703917980194, "Loss Val": 2.870699405670166, "PSNR Train": 18.588420486450197, "PSNR Val": 17.019503021240233, "SSIM Train": 0.1895747572183609, "SSIM Val": 0.16137633025646209, "_timestamp": 1709568191.6783624, "_runtime": 138.9307234287262, "_step": 4, "_wandb": {"runtime": 154}}