{"epoch": 107, "Loss Train": 0.010854282537880152, "Loss Val": 0.011144566411773364, "PSNR Train": 22.417642344599184, "PSNR Val": 22.235817654927573, "SSIM Train": 0.6221042897390283, "SSIM Val": 0.6094195048014323, "_timestamp": 1709043274.6269844, "_runtime": 9716.924658298492, "_step": 107}