{"epoch": 1, "Loss Train": 0.7362427810827891, "Loss Val": 0.21858059167861937, "PSNR Train": 11.00138775507609, "PSNR Val": 9.742434692382812, "SSIM Train": 0.1407728356619676, "SSIM Val": 0.2620289742946625, "_timestamp": 1709554943.303509, "_runtime": 57.59193205833435, "_step": 1, "_wandb": {"runtime": 61}}