{"epoch": 4, "Loss Train": 0.5004611134529113, "Loss Val": 2.831933116912842, "PSNR Train": 18.71348342895508, "PSNR Val": 17.234798431396484, "SSIM Train": 0.19342890083789827, "SSIM Val": 0.16169822216033936, "_timestamp": 1709561860.500506, "_runtime": 138.3075659275055, "_step": 4, "_wandb": {"runtime": 141}}