{"epoch": 4, "Loss Train": 0.501792562007904, "Loss Val": 2.8517823219299316, "PSNR Train": 18.664879608154298, "PSNR Val": 17.060270690917967, "SSIM Train": 0.19128695130348206, "SSIM Val": 0.15863081812858582, "_timestamp": 1709562074.0700073, "_runtime": 140.92185735702515, "_step": 4, "_wandb": {"runtime": 144}}