{"epoch": 4, "Loss Train": 0.5010591983795166, "Loss Val": 2.938888168334961, "PSNR Train": 18.67649917602539, "PSNR Val": 17.125083923339844, "SSIM Train": 0.19222741723060607, "SSIM Val": 0.16074883043766022, "_timestamp": 1709556023.6205297, "_runtime": 138.48877573013306, "_step": 4, "_wandb": {"runtime": 139}}