{"epoch": 4, "Loss Train": 0.5017976284027099, "Loss Val": 2.875335359573364, "PSNR Train": 18.678939056396484, "PSNR Val": 17.179035186767578, "SSIM Train": 0.1925623208284378, "SSIM Val": 0.15988659858703613, "_timestamp": 1709557330.8187847, "_runtime": 140.34506368637085, "_step": 4, "_wandb": {"runtime": 140}}