{"epoch": 4, "Loss Train": 0.5005042970180511, "Loss Val": 2.8671135902404785, "PSNR Train": 18.671669006347656, "PSNR Val": 17.115177154541016, "SSIM Train": 0.1924637258052826, "SSIM Val": 0.1621873378753662, "_timestamp": 1709558889.0397375, "_runtime": 139.45166850090027, "_step": 4, "_wandb": {"runtime": 139}}