{"epoch": 4, "Loss Train": 0.5009202361106873, "Loss Val": 2.957382917404175, "PSNR Train": 18.699366760253906, "PSNR Val": 17.144951248168944, "SSIM Train": 0.19240516424179077, "SSIM Val": 0.15997795462608339, "_timestamp": 1709556843.3686454, "_runtime": 138.36774039268494, "_step": 4, "_wandb": {"runtime": 138}}