{
    "FP": [
        0,
        NaN,
        NaN,
        NaN,
        NaN,
        NaN,
        NaN,
        NaN,
        NaN,
        NaN,
        NaN,
        NaN,
        NaN,
        NaN,
        NaN,
        NaN,
        NaN,
        NaN,
        NaN,
        NaN,
        NaN,
        NaN,
        NaN,
        NaN,
        NaN,
        NaN,
        NaN,
        NaN,
        NaN,
        NaN,
        NaN,
        NaN,
        NaN,
        NaN,
        NaN,
        NaN,
        NaN,
        NaN,
        NaN,
        NaN,
        NaN,
        NaN,
        NaN,
        NaN,
        NaN,
        NaN,
        NaN,
        NaN,
        NaN,
        NaN,
        NaN,
        NaN,
        NaN,
        NaN,
        NaN,
        NaN,
        NaN,
        NaN,
        NaN,
        NaN,
        NaN,
        NaN,
        NaN,
        NaN,
        NaN,
        NaN,
        NaN,
        NaN,
        NaN,
        NaN,
        NaN,
        NaN,
        NaN,
        NaN,
        NaN,
        NaN,
        NaN,
        NaN,
        NaN,
        NaN,
        NaN,
        NaN,
        NaN,
        NaN,
        NaN,
        NaN,
        NaN,
        NaN,
        NaN,
        NaN,
        NaN,
        NaN,
        NaN,
        NaN,
        NaN,
        NaN,
        NaN,
        NaN,
        NaN,
        NaN,
        NaN,
        NaN,
        NaN,
        NaN,
        NaN,
        NaN,
        NaN,
        NaN,
        NaN,
        NaN,
        NaN,
        NaN,
        NaN,
        NaN,
        NaN,
        NaN,
        NaN,
        NaN,
        NaN,
        NaN,
        NaN,
        NaN,
        NaN,
        NaN,
        NaN,
        NaN,
        NaN,
        NaN,
        NaN,
        NaN,
        NaN,
        NaN,
        NaN,
        NaN,
        NaN,
        NaN,
        NaN,
        NaN,
        NaN,
        NaN,
        NaN,
        NaN,
        NaN,
        NaN,
        NaN,
        NaN,
        NaN,
        NaN,
        NaN,
        NaN
    ],
    "TP": [
        0,
        1.9562550080128204e-07,
        3.912510016025641e-07,
        5.868765024038462e-07,
        7.825020032051282e-07,
        9.781275040064102e-07,
        1.1737530048076924e-06,
        1.3693785056089744e-06,
        1.5650040064102564e-06,
        1.7606295072115386e-06,
        1.9562550080128203e-06,
        2.1518805088141025e-06,
        2.7387570112179487e-06,
        2.934382512019231e-06,
        3.912510016025641e-06,
        4.108135516826923e-06,
        4.499386518429487e-06,
        4.890637520032052e-06,
        5.281888521634615e-06,
        6.064390524839743e-06,
        7.042518028846154e-06,
        7.825020032051281e-06,
        9.390024038461539e-06,
        1.0955028044871795e-05,
        1.232440655048077e-05,
        1.330253405448718e-05,
        1.3889410556891025e-05,
        1.5650040064102563e-05,
        1.799754607371795e-05,
        1.9366924579326922e-05,
        2.1323179587339742e-05,
        2.4453187600160258e-05,
        2.6409442608173078e-05,
        3.0517578125e-05,
        3.3647586137820515e-05,
        3.775572165464744e-05,
        4.166823167067308e-05,
        4.6558869190705125e-05,
        5.0471379206730766e-05,
        5.5948893229166664e-05,
        6.103515625e-05,
        6.886017628205128e-05,
        7.492456680689103e-05,
        8.196708483573717e-05,
        8.959647936698717e-05,
        9.58564953926282e-05,
        0.0001068115234375,
        0.00011561467097355769,
        0.0001252003205128205,
        0.0001385028545673077,
        0.00015063163561698719,
        0.00016276041666666666,
        0.00017586732522035256,
        0.00019014798677884616,
        0.00020834115835336538,
        0.00022496932592147435,
        0.00024394499949919872,
        0.0002648769280849359,
        0.00029030824318910256,
        0.00031241392477964744,
        0.00033980149489182694,
        0.00037012344751602563,
        0.0003969241411258013,
        0.0004241160857371795,
        0.00045717679537259613,
        0.0004921937600160256,
        0.0005272107246594551,
        0.0005665314503205129,
        0.0006093734349959936,
        0.0006494766626602564,
        0.0007044474283854166,
        0.0007555056840945513,
        0.0008006951747796474,
        0.000853122808994391,
        0.0009086804512219551,
        0.0009746062449919871,
        0.001043075170272436,
        0.0011168259840745192,
        0.00119781494140625,
        0.0012876070462740385,
        0.0013793554061498397,
        0.0014802981645633013,
        0.0015851534329927885,
        0.0016988118489583333,
        0.0018226427909655448,
        0.0019515599959935897,
        0.002091823480068109,
        0.002248519506209936,
        0.0024187136919070515,
        0.002611404810196314,
        0.002810942821013622,
        0.003025935246394231,
        0.0032595120943509615,
        0.003519302759415064,
        0.003817631648137019,
        0.004128676194411058,
        0.004477085211338141,
        0.004849360539362981,
        0.005258022210536859,
        0.005723219651442308,
        0.006244170360076122,
        0.006809136806390224,
        0.007423987755408654,
        0.008102808243189102,
        0.008871812086838942,
        0.009720826760316506,
        0.010657872909154648,
        0.011727748773036858,
        0.012885460486778846,
        0.014189304449619392,
        0.015694838303786058,
        0.017369196965144232,
        0.019199860401642628,
        0.021270947578625802,
        0.023592435396634616,
        0.026206187712840546,
        0.029098315116686698,
        0.03236604348207132,
        0.036035977877103366,
        0.040110857058794074,
        0.044766743977864586,
        0.04994279910356571,
        0.05578398093199118,
        0.06238712408603766,
        0.06983263064653446,
        0.07808528802333733,
        0.08736302302433895,
        0.09786596053685898,
        0.10958236303084935,
        0.1227125510191306,
        0.13752394456129807,
        0.15401243552183494,
        0.1725745567908654,
        0.19338480631510416,
        0.2167229285606971,
        0.24272938263721955,
        0.2719311836438301,
        0.3045607346754808,
        0.3410499768379407,
        0.38171093280498797,
        0.4271449553660857,
        0.47745670416416264,
        0.5328631278796073,
        0.5934780805538862,
        0.6592994103064904,
        0.7295369857396835,
        0.8038335946890024,
        0.8810863005809295,
        0.9601146991436298,
        1.0
    ]
}