{"epoch": 4, "Loss Train": 0.5018157839775086, "Loss Val": 2.8338584899902344, "PSNR Train": 18.664789581298827, "PSNR Val": 17.131885528564453, "SSIM Train": 0.19170924425125122, "SSIM Val": 0.1594030499458313, "_timestamp": 1709561383.0712612, "_runtime": 139.36819911003113, "_step": 4, "_wandb": {"runtime": 142}}