{"epoch": 4, "Loss Train": 0.5001796126365662, "Loss Val": 2.9945027828216553, "PSNR Train": 18.68326606750488, "PSNR Val": 17.087059020996094, "SSIM Train": 0.1920563191175461, "SSIM Val": 0.15961829125881194, "_timestamp": 1709559738.9651325, "_runtime": 140.09173440933228, "_step": 4, "_wandb": {"runtime": 140}}